"January 30, 2017 at 01:37AM",Rain Shower,74 F,23 C,"https://www.wunderground.com/cgi-bin/findweather/getForecast?query=-31.772,-52.342&par=ifttt&cm_ven=ifttt",http://ifttt.com/images/weather/drizzle.png
"January 30, 2017 at 03:52AM",Rain Shower,74 F,23 C,"https://www.wunderground.com/cgi-bin/findweather/getForecast?query=-31.772,-52.342&par=ifttt&cm_ven=ifttt",http://ifttt.com/images/weather/drizzle.png
"January 31, 2017 at 09:52PM",Light Rain,80 F,27 C,"https://www.wunderground.com/cgi-bin/findweather/getForecast?query=-31.772,-52.342&par=ifttt&cm_ven=ifttt",http://ifttt.com/images/weather/drizzle.png
"February 02, 2017 at 04:07PM",Thunder,79 F,26 C,"https://www.wunderground.com/cgi-bin/findweather/getForecast?query=-31.772,-52.342&par=ifttt&cm_ven=ifttt",http://ifttt.com/images/weather/heavy-rain.png
"February 02, 2017 at 08:52PM",Rain Shower,78 F,26 C,"https://www.wunderground.com/cgi-bin/findweather/getForecast?query=-31.772,-52.342&par=ifttt&cm_ven=ifttt",http://ifttt.com/images/weather/drizzle.png
"February 02, 2017 at 11:07PM",Light Rain,76 F,24 C,"https://www.wunderground.com/cgi-bin/findweather/getForecast?query=-31.772,-52.342&par=ifttt&cm_ven=ifttt",http://ifttt.com/images/weather/drizzle.png
"February 05, 2017 at 03:52AM",Rain,77 F,25 C,"https://www.wunderground.com/cgi-bin/findweather/getForecast?query=-31.772,-52.342&par=ifttt&cm_ven=ifttt",http://ifttt.com/images/weather/heavy-rain.png
"February 06, 2017 at 03:08PM",Light Rain,75 F,24 C,"https://www.wunderground.com/cgi-bin/findweather/getForecast?query=-31.772,-52.342&par=ifttt&cm_ven=ifttt",http://ifttt.com/images/weather/drizzle.png
"February 10, 2017 at 05:41PM",Light Rain with Thunder,79 F,26 C,"https://www.wunderground.com/cgi-bin/findweather/getForecast?query=-31.772,-52.342&par=ifttt&cm_ven=ifttt",http://ifttt.com/images/weather/lightning.png
"February 11, 2017 at 04:46PM",Light Rain,83 F,28 C,"https://www.wunderground.com/cgi-bin/findweather/getForecast?query=-31.772,-52.342&par=ifttt&cm_ven=ifttt",http://ifttt.com/images/weather/drizzle.png
"February 12, 2017 at 04:06AM",Rain,74 F,23 C,"https://www.wunderground.com/cgi-bin/findweather/getForecast?query=-31.772,-52.342&par=ifttt&cm_ven=ifttt",http://ifttt.com/images/weather/heavy-rain.png
"February 13, 2017 at 08:37AM",Thunder,76 F,24 C,"https://www.wunderground.com/cgi-bin/findweather/getForecast?query=-31.772,-52.342&par=ifttt&cm_ven=ifttt",http://ifttt.com/images/weather/heavy-rain.png
"February 13, 2017 at 05:12PM",Light Rain with Thunder,81 F,27 C,"https://www.wunderground.com/cgi-bin/findweather/getForecast?query=-31.772,-52.342&par=ifttt&cm_ven=ifttt",http://ifttt.com/images/weather/lightning.png
"February 16, 2017 at 05:18AM",Rain,74 F,23 C,"https://www.wunderground.com/cgi-bin/findweather/getForecast?query=-31.772,-52.342&par=ifttt&cm_ven=ifttt",http://ifttt.com/images/weather/heavy-rain.png
"February 16, 2017 at 03:33PM",Thunder,80 F,27 C,"https://www.wunderground.com/cgi-bin/findweather/getForecast?query=-31.772,-52.342&par=ifttt&cm_ven=ifttt",http://ifttt.com/images/weather/heavy-rain.png
"February 16, 2017 at 06:34PM",Light Rain with Thunder,80 F,27 C,"https://www.wunderground.com/cgi-bin/findweather/getForecast?query=-31.772,-52.342&par=ifttt&cm_ven=ifttt",http://ifttt.com/images/weather/lightning.png
"February 17, 2017 at 04:28AM",Light Rain,77 F,25 C,"https://www.wunderground.com/cgi-bin/findweather/getForecast?query=-31.772,-52.342&par=ifttt&cm_ven=ifttt",http://ifttt.com/images/weather/drizzle.png
"February 21, 2017 at 01:34PM",Light Rain with Thunder,81 F,27 C,"https://www.wunderground.com/cgi-bin/findweather/getForecast?query=-31.772,-52.342&par=ifttt&cm_ven=ifttt",http://ifttt.com/images/weather/lightning.png
"February 22, 2017 at 03:34PM",Light Rain with Thunder,80 F,27 C,"https://www.wunderground.com/cgi-bin/findweather/getForecast?query=-31.772,-52.342&par=ifttt&cm_ven=ifttt",http://ifttt.com/images/weather/lightning.png
"February 23, 2017 at 03:34PM",Light Rain with Thunder,77 F,25 C,"https://www.wunderground.com/cgi-bin/findweather/getForecast?query=-31.772,-52.342&par=ifttt&cm_ven=ifttt",http://ifttt.com/images/weather/lightning.png
"March 03, 2017 at 11:42AM",Thunder,82 F,28 C,"https://www.wunderground.com/cgi-bin/findweather/getForecast?query=-31.772,-52.342&par=ifttt&cm_ven=ifttt",http://ifttt.com/images/weather/heavy-rain.png
"March 04, 2017 at 01:42AM",Rain Shower,77 F,25 C,"https://www.wunderground.com/cgi-bin/findweather/getForecast?query=-31.772,-52.342&par=ifttt&cm_ven=ifttt",http://ifttt.com/images/weather/drizzle.png
"March 04, 2017 at 05:42AM",Light Rain,75 F,24 C,"https://www.wunderground.com/cgi-bin/findweather/getForecast?query=-31.772,-52.342&par=ifttt&cm_ven=ifttt",http://ifttt.com/images/weather/drizzle.png
"March 04, 2017 at 04:13PM",Light Rain,77 F,25 C,"https://www.wunderground.com/cgi-bin/findweather/getForecast?query=-31.772,-52.342&par=ifttt&cm_ven=ifttt",http://ifttt.com/images/weather/drizzle.png
"March 04, 2017 at 09:17PM",Rain,74 F,23 C,"https://www.wunderground.com/cgi-bin/findweather/getForecast?query=-31.772,-52.342&par=ifttt&cm_ven=ifttt",http://ifttt.com/images/weather/heavy-rain.png
"March 05, 2017 at 07:42AM",Light Rain,72 F,22 C,"https://www.wunderground.com/cgi-bin/findweather/getForecast?query=-31.772,-52.342&par=ifttt&cm_ven=ifttt",http://ifttt.com/images/weather/drizzle.png
"March 09, 2017 at 04:45AM",Rain Shower,75 F,24 C,"https://www.wunderground.com/cgi-bin/findweather/getForecast?query=-31.772,-52.342&par=ifttt&cm_ven=ifttt",http://ifttt.com/images/weather/drizzle.png
"March 09, 2017 at 01:20PM",Thunder,81 F,27 C,"https://www.wunderground.com/cgi-bin/findweather/getForecast?query=-31.772,-52.342&par=ifttt&cm_ven=ifttt",http://ifttt.com/images/weather/heavy-rain.png
"March 09, 2017 at 03:45PM",Light Rain with Thunder,79 F,26 C,"https://www.wunderground.com/cgi-bin/findweather/getForecast?query=-31.772,-52.342&par=ifttt&cm_ven=ifttt",http://ifttt.com/images/weather/lightning.png
"March 09, 2017 at 07:15PM",Light Rain,75 F,24 C,"https://www.wunderground.com/cgi-bin/findweather/getForecast?query=-31.772,-52.342&par=ifttt&cm_ven=ifttt",http://ifttt.com/images/weather/drizzle.png
"March 09, 2017 at 09:45PM",Rain,79 F,26 C,"https://www.wunderground.com/cgi-bin/findweather/getForecast?query=-31.772,-52.342&par=ifttt&cm_ven=ifttt",http://ifttt.com/images/weather/heavy-rain.png
"March 11, 2017 at 10:11PM",Light Rain,72 F,22 C,"https://www.wunderground.com/cgi-bin/findweather/getForecast?query=-31.772,-52.342&par=ifttt&cm_ven=ifttt",http://ifttt.com/images/weather/drizzle.png
"March 11, 2017 at 11:51PM",Rain Shower,72 F,22 C,"https://www.wunderground.com/cgi-bin/findweather/getForecast?query=-31.772,-52.342&par=ifttt&cm_ven=ifttt",http://ifttt.com/images/weather/drizzle.png
"March 12, 2017 at 07:46AM",Light Rain,70 F,21 C,"https://www.wunderground.com/cgi-bin/findweather/getForecast?query=-31.772,-52.342&par=ifttt&cm_ven=ifttt",http://ifttt.com/images/weather/drizzle.png
"March 15, 2017 at 11:35PM",Rain,75 F,24 C,"https://www.wunderground.com/cgi-bin/findweather/getForecast?query=-31.772,-52.342&par=ifttt&cm_ven=ifttt",http://ifttt.com/images/weather/heavy-rain.png
"March 16, 2017 at 01:05AM",Rain,75 F,24 C,"https://www.wunderground.com/cgi-bin/findweather/getForecast?query=-31.772,-52.342&par=ifttt&cm_ven=ifttt",http://ifttt.com/images/weather/heavy-rain.png
"March 24, 2017 at 05:09PM",Thunder,76 F,24 C,"https://www.wunderground.com/cgi-bin/findweather/getForecast?query=-31.772,-52.342&par=ifttt&cm_ven=ifttt",http://ifttt.com/images/weather/heavy-rain.png
"March 25, 2017 at 05:09AM",Rain Shower,67 F,19 C,"https://www.wunderground.com/cgi-bin/findweather/getForecast?query=-31.772,-52.342&par=ifttt&cm_ven=ifttt",http://ifttt.com/images/weather/drizzle.png
"March 26, 2017 at 09:41PM",Light Rain,71 F,22 C,"https://www.wunderground.com/cgi-bin/findweather/getForecast?query=-31.772,-52.342&par=ifttt&cm_ven=ifttt",http://ifttt.com/images/weather/drizzle.png
"March 27, 2017 at 03:16AM",Rain Shower,72 F,22 C,"https://www.wunderground.com/cgi-bin/findweather/getForecast?query=-31.772,-52.342&par=ifttt&cm_ven=ifttt",http://ifttt.com/images/weather/drizzle.png
"April 05, 2017 at 07:16AM",Rain Shower,69 F,21 C,"https://www.wunderground.com/cgi-bin/findweather/getForecast?query=-31.772,-52.342&par=ifttt&cm_ven=ifttt",http://ifttt.com/images/weather/drizzle.png
"April 07, 2017 at 11:27PM",Rain Shower,73 F,23 C,"https://www.wunderground.com/cgi-bin/findweather/getForecast?query=-31.772,-52.342&par=ifttt&cm_ven=ifttt",http://ifttt.com/images/weather/drizzle.png
"April 09, 2017 at 11:27PM",Rain,75 F,24 C,"https://www.wunderground.com/cgi-bin/findweather/getForecast?query=-31.772,-52.342&par=ifttt&cm_ven=ifttt",http://ifttt.com/images/weather/heavy-rain.png
"April 10, 2017 at 08:28AM",Light Rain,74 F,23 C,"https://www.wunderground.com/cgi-bin/findweather/getForecast?query=-31.772,-52.342&par=ifttt&cm_ven=ifttt",http://ifttt.com/images/weather/drizzle.png
"April 10, 2017 at 11:27AM",Light Rain with Thunder,76 F,24 C,"https://www.wunderground.com/cgi-bin/findweather/getForecast?query=-31.772,-52.342&par=ifttt&cm_ven=ifttt",http://ifttt.com/images/weather/lightning.png
"April 10, 2017 at 05:51PM",Light Rain,77 F,25 C,"https://www.wunderground.com/cgi-bin/findweather/getForecast?query=-31.772,-52.342&par=ifttt&cm_ven=ifttt",http://ifttt.com/images/weather/drizzle.png
"April 10, 2017 at 09:36PM",Light Rain,71 F,22 C,"https://www.wunderground.com/cgi-bin/findweather/getForecast?query=-31.772,-52.342&par=ifttt&cm_ven=ifttt",http://ifttt.com/images/weather/drizzle.png
"April 15, 2017 at 01:56AM",Light Rain,63 F,17 C,"https://www.wunderground.com/cgi-bin/findweather/getForecast?query=-31.772,-52.342&par=ifttt&cm_ven=ifttt",http://ifttt.com/images/weather/drizzle.png
"April 15, 2017 at 03:51PM",Light Rain,70 F,21 C,"https://www.wunderground.com/cgi-bin/findweather/getForecast?query=-31.772,-52.342&par=ifttt&cm_ven=ifttt",http://ifttt.com/images/weather/drizzle.png
"April 16, 2017 at 05:56AM",Rain Shower,65 F,18 C,"https://www.wunderground.com/cgi-bin/findweather/getForecast?query=-31.772,-52.342&par=ifttt&cm_ven=ifttt",http://ifttt.com/images/weather/drizzle.png
"April 18, 2017 at 02:26AM",Light Rain,62 F,17 C,"https://www.wunderground.com/cgi-bin/findweather/getForecast?query=-31.772,-52.342&par=ifttt&cm_ven=ifttt",http://ifttt.com/images/weather/drizzle.png
"April 20, 2017 at 02:00PM",Light Rain,72 F,22 C,"https://www.wunderground.com/cgi-bin/findweather/getForecast?query=-31.772,-52.342&par=ifttt&cm_ven=ifttt",http://ifttt.com/images/weather/drizzle.png
"April 20, 2017 at 10:35PM",Light Rain,69 F,21 C,"https://www.wunderground.com/cgi-bin/findweather/getForecast?query=-31.772,-52.342&par=ifttt&cm_ven=ifttt",http://ifttt.com/images/weather/drizzle.png
"April 21, 2017 at 08:40AM",Light Rain,67 F,19 C,"https://www.wunderground.com/cgi-bin/findweather/getForecast?query=-31.772,-52.342&par=ifttt&cm_ven=ifttt",http://ifttt.com/images/weather/drizzle.png
"April 24, 2017 at 11:37PM",Rain,65 F,18 C,"https://www.wunderground.com/cgi-bin/findweather/getForecast?query=-31.772,-52.342&par=ifttt&cm_ven=ifttt",http://ifttt.com/images/weather/heavy-rain.png
"April 25, 2017 at 08:47PM",Rain,68 F,20 C,"https://www.wunderground.com/cgi-bin/findweather/getForecast?query=-31.772,-52.342&par=ifttt&cm_ven=ifttt",http://ifttt.com/images/weather/heavy-rain.png
"April 26, 2017 at 02:22AM",Rain Shower,67 F,19 C,"https://www.wunderground.com/cgi-bin/findweather/getForecast?query=-31.772,-52.342&par=ifttt&cm_ven=ifttt",http://ifttt.com/images/weather/drizzle.png
"April 26, 2017 at 05:12AM",Rain,65 F,18 C,"https://www.wunderground.com/cgi-bin/findweather/getForecast?query=-31.772,-52.342&par=ifttt&cm_ven=ifttt",http://ifttt.com/images/weather/heavy-rain.png
"May 12, 2017 at 06:17AM",Rain,62 F,17 C,"https://www.wunderground.com/cgi-bin/findweather/getForecast?query=-31.772,-52.342&par=ifttt&cm_ven=ifttt",http://ifttt.com/images/weather/heavy-rain.png
"May 12, 2017 at 10:17AM",Light Rain,64 F,18 C,"https://www.wunderground.com/cgi-bin/findweather/getForecast?query=-31.772,-52.342&par=ifttt&cm_ven=ifttt",http://ifttt.com/images/weather/drizzle.png
"May 13, 2017 at 04:17AM",Rain,65 F,18 C,"https://www.wunderground.com/cgi-bin/findweather/getForecast?query=-31.772,-52.342&par=ifttt&cm_ven=ifttt",http://ifttt.com/images/weather/heavy-rain.png
"May 14, 2017 at 12:06AM",Rain,62 F,17 C,"https://www.wunderground.com/cgi-bin/findweather/getForecast?query=-31.772,-52.342&par=ifttt&cm_ven=ifttt",http://ifttt.com/images/weather/heavy-rain.png
"May 14, 2017 at 08:46AM",Light Drizzle,63 F,17 C,"https://www.wunderground.com/cgi-bin/findweather/getForecast?query=-31.772,-52.342&par=ifttt&cm_ven=ifttt",http://ifttt.com/images/weather/drizzle.png
"May 14, 2017 at 10:26AM",Light Drizzle,66 F,19 C,"https://www.wunderground.com/cgi-bin/findweather/getForecast?query=-31.772,-52.342&par=ifttt&cm_ven=ifttt",http://ifttt.com/images/weather/drizzle.png
"May 18, 2017 at 10:14PM",Rain Shower/Wind,66 F,19 C,"https://www.wunderground.com/cgi-bin/findweather/getForecast?query=-31.772,-52.342&par=ifttt&cm_ven=ifttt",http://ifttt.com/images/weather/drizzle.png
"May 19, 2017 at 04:51PM",Light Rain/Wind,68 F,20 C,"https://www.wunderground.com/cgi-bin/findweather/getForecast?query=-31.772,-52.342&par=ifttt&cm_ven=ifttt",http://ifttt.com/images/weather/drizzle.png
"May 19, 2017 at 08:51PM",Light Rain/Wind,66 F,19 C,"https://www.wunderground.com/cgi-bin/findweather/getForecast?query=-31.772,-52.342&par=ifttt&cm_ven=ifttt",http://ifttt.com/images/weather/drizzle.png
"May 20, 2017 at 01:26AM",Light Rain,66 F,19 C,"https://www.wunderground.com/cgi-bin/findweather/getForecast?query=-31.772,-52.342&par=ifttt&cm_ven=ifttt",http://ifttt.com/images/weather/drizzle.png
"May 20, 2017 at 06:51PM",Light Rain,62 F,17 C,"https://www.wunderground.com/cgi-bin/findweather/getForecast?query=-31.772,-52.342&par=ifttt&cm_ven=ifttt",http://ifttt.com/images/weather/drizzle.png
"May 25, 2017 at 12:03AM",Rain,68 F,20 C,"https://www.wunderground.com/cgi-bin/findweather/getForecast?query=-31.772,-52.342&par=ifttt&cm_ven=ifttt",http://ifttt.com/images/weather/heavy-rain.png
"May 25, 2017 at 02:23AM",Rain,64 F,18 C,"https://www.wunderground.com/cgi-bin/findweather/getForecast?query=-31.772,-52.342&par=ifttt&cm_ven=ifttt",http://ifttt.com/images/weather/heavy-rain.png
"May 25, 2017 at 01:52PM",Light Rain with Thunder,73 F,23 C,"https://www.wunderground.com/cgi-bin/findweather/getForecast?query=-31.772,-52.342&par=ifttt&cm_ven=ifttt",http://ifttt.com/images/weather/lightning.png
"May 25, 2017 at 06:47PM",Thunder in the Vicinity,72 F,22 C,"https://www.wunderground.com/cgi-bin/findweather/getForecast?query=-31.772,-52.342&par=ifttt&cm_ven=ifttt",http://ifttt.com/images/weather/lightning.png
"May 26, 2017 at 12:27AM",Rain,71 F,22 C,"https://www.wunderground.com/cgi-bin/findweather/getForecast?query=-31.772,-52.342&par=ifttt&cm_ven=ifttt",http://ifttt.com/images/weather/heavy-rain.png
"May 26, 2017 at 02:52AM",Rain Shower,65 F,18 C,"https://www.wunderground.com/cgi-bin/findweather/getForecast?query=-31.772,-52.342&par=ifttt&cm_ven=ifttt",http://ifttt.com/images/weather/drizzle.png
"May 26, 2017 at 07:52AM",Light Rain,64 F,18 C,"https://www.wunderground.com/cgi-bin/findweather/getForecast?query=-31.772,-52.342&par=ifttt&cm_ven=ifttt",http://ifttt.com/images/weather/drizzle.png
"May 26, 2017 at 03:47PM",Light Rain,65 F,18 C,"https://www.wunderground.com/cgi-bin/findweather/getForecast?query=-31.772,-52.342&par=ifttt&cm_ven=ifttt",http://ifttt.com/images/weather/drizzle.png
"May 27, 2017 at 11:37PM",Light Rain,62 F,17 C,"https://www.wunderground.com/cgi-bin/findweather/getForecast?query=-31.772,-52.342&par=ifttt&cm_ven=ifttt",http://ifttt.com/images/weather/drizzle.png
"May 28, 2017 at 09:17AM",Light Rain,63 F,17 C,"https://www.wunderground.com/cgi-bin/findweather/getForecast?query=-31.772,-52.342&par=ifttt&cm_ven=ifttt",http://ifttt.com/images/weather/drizzle.png
"May 28, 2017 at 03:03PM",Light Rain,65 F,18 C,"https://www.wunderground.com/cgi-bin/findweather/getForecast?query=-31.772,-52.342&par=ifttt&cm_ven=ifttt",http://ifttt.com/images/weather/drizzle.png
"May 28, 2017 at 05:32PM",Light Rain,64 F,18 C,"https://www.wunderground.com/cgi-bin/findweather/getForecast?query=-31.772,-52.342&par=ifttt&cm_ven=ifttt",http://ifttt.com/images/weather/drizzle.png
"May 29, 2017 at 11:57AM",Light Drizzle,66 F,19 C,"https://www.wunderground.com/cgi-bin/findweather/getForecast?query=-31.772,-52.342&par=ifttt&cm_ven=ifttt",http://ifttt.com/images/weather/drizzle.png
"May 29, 2017 at 02:17PM",Light Drizzle,66 F,19 C,"https://www.wunderground.com/cgi-bin/findweather/getForecast?query=-31.772,-52.342&par=ifttt&cm_ven=ifttt",http://ifttt.com/images/weather/drizzle.png
"June 01, 2017 at 03:44AM",Rain,55 F,13 C,"https://www.wunderground.com/cgi-bin/findweather/getForecast?query=-31.772,-52.342&par=ifttt&cm_ven=ifttt",http://ifttt.com/images/weather/heavy-rain.png
"June 06, 2017 at 09:49AM",Light Rain,56 F,13 C,"https://www.wunderground.com/cgi-bin/findweather/getForecast?query=-31.772,-52.342&par=ifttt&cm_ven=ifttt",http://ifttt.com/images/weather/drizzle.png
"June 06, 2017 at 05:49PM",Light Rain,59 F,15 C,"https://www.wunderground.com/cgi-bin/findweather/getForecast?query=-31.772,-52.342&par=ifttt&cm_ven=ifttt",http://ifttt.com/images/weather/drizzle.png
"June 07, 2017 at 05:49PM",Light Rain,61 F,16 C,"https://www.wunderground.com/cgi-bin/findweather/getForecast?query=-31.772,-52.342&par=ifttt&cm_ven=ifttt",http://ifttt.com/images/weather/drizzle.png
"June 08, 2017 at 11:49AM",Light Drizzle,60 F,16 C,"https://www.wunderground.com/cgi-bin/findweather/getForecast?query=-31.772,-52.342&par=ifttt&cm_ven=ifttt",http://ifttt.com/images/weather/drizzle.png
"June 09, 2017 at 07:57AM",Light Rain,52 F,11 C,"https://www.wunderground.com/cgi-bin/findweather/getForecast?query=-31.772,-52.342&par=ifttt&cm_ven=ifttt",http://ifttt.com/images/weather/drizzle.png
"June 16, 2017 at 01:43AM",Light Rain,59 F,15 C,"https://www.wunderground.com/cgi-bin/findweather/getForecast?query=-31.772,-52.342&par=ifttt&cm_ven=ifttt",http://ifttt.com/images/weather/drizzle.png
"June 18, 2017 at 03:43AM",Light Rain,65 F,18 C,"https://www.wunderground.com/cgi-bin/findweather/getForecast?query=-31.772,-52.342&par=ifttt&cm_ven=ifttt",http://ifttt.com/images/weather/drizzle.png
"June 18, 2017 at 01:35PM",Light Rain with Thunder,51 F,11 C,"https://www.wunderground.com/cgi-bin/findweather/getForecast?query=-31.772,-52.342&par=ifttt&cm_ven=ifttt",http://ifttt.com/images/weather/lightning.png
"June 28, 2017 at 04:32PM",Light Rain,61 F,16 C,"https://www.wunderground.com/cgi-bin/findweather/getForecast?query=-31.772,-52.342&par=ifttt&cm_ven=ifttt",http://ifttt.com/images/weather/drizzle.png
"June 29, 2017 at 06:32PM",Light Drizzle,61 F,16 C,"https://www.wunderground.com/cgi-bin/findweather/getForecast?query=-31.772,-52.342&par=ifttt&cm_ven=ifttt",http://ifttt.com/images/weather/drizzle.png
"July 11, 2017 at 12:51AM",Rain,60 F,16 C,"https://www.wunderground.com/cgi-bin/findweather/getForecast?query=-31.772,-52.342&par=ifttt&cm_ven=ifttt",http://ifttt.com/images/weather/heavy-rain.png
"July 11, 2017 at 06:51AM",Light Rain,58 F,14 C,"https://www.wunderground.com/cgi-bin/findweather/getForecast?query=-31.772,-52.342&par=ifttt&cm_ven=ifttt",http://ifttt.com/images/weather/drizzle.png
"July 11, 2017 at 02:51PM",Light Drizzle,63 F,17 C,"https://www.wunderground.com/cgi-bin/findweather/getForecast?query=-31.772,-52.342&par=ifttt&cm_ven=ifttt",http://ifttt.com/images/weather/drizzle.png
"July 12, 2017 at 02:51AM",Rain,57 F,14 C,"https://www.wunderground.com/cgi-bin/findweather/getForecast?query=-31.772,-52.342&par=ifttt&cm_ven=ifttt",http://ifttt.com/images/weather/heavy-rain.png
"July 16, 2017 at 01:58AM",Rain,67 F,19 C,"https://www.wunderground.com/cgi-bin/findweather/getForecast?query=-31.772,-52.342&par=ifttt&cm_ven=ifttt",http://ifttt.com/images/weather/heavy-rain.png
"July 16, 2017 at 06:43AM",Light Rain,58 F,14 C,"https://www.wunderground.com/cgi-bin/findweather/getForecast?query=-31.772,-52.342&par=ifttt&cm_ven=ifttt",http://ifttt.com/images/weather/drizzle.png
"August 01, 2017 at 11:11PM",Light Rain,59 F,15 C,"https://www.wunderground.com/cgi-bin/findweather/getForecast?query=-31.772,-52.342&par=ifttt&cm_ven=ifttt",http://ifttt.com/images/weather/drizzle.png
"August 02, 2017 at 08:16AM",Light Rain,60 F,16 C,"https://www.wunderground.com/cgi-bin/findweather/getForecast?query=-31.772,-52.342&par=ifttt&cm_ven=ifttt",http://ifttt.com/images/weather/drizzle.png
"August 03, 2017 at 12:16AM",Rain,55 F,13 C,"https://www.wunderground.com/cgi-bin/findweather/getForecast?query=-31.772,-52.342&par=ifttt&cm_ven=ifttt",http://ifttt.com/images/weather/heavy-rain.png
"August 08, 2017 at 12:28AM",Rain Shower,57 F,14 C,"https://www.wunderground.com/cgi-bin/findweather/getForecast?query=-31.772,-52.342&par=ifttt&cm_ven=ifttt",http://ifttt.com/images/weather/drizzle.png
"August 08, 2017 at 04:08AM",Rain,56 F,13 C,"https://www.wunderground.com/cgi-bin/findweather/getForecast?query=-31.772,-52.342&par=ifttt&cm_ven=ifttt",http://ifttt.com/images/weather/heavy-rain.png
"August 11, 2017 at 06:12AM",Rain Shower/Wind,61 F,16 C,"https://www.wunderground.com/cgi-bin/findweather/getForecast?query=-31.772,-52.342&par=ifttt&cm_ven=ifttt",http://ifttt.com/images/weather/drizzle.png
"August 11, 2017 at 02:42PM",Light Rain,64 F,18 C,"https://www.wunderground.com/cgi-bin/findweather/getForecast?query=-31.772,-52.342&par=ifttt&cm_ven=ifttt",http://ifttt.com/images/weather/drizzle.png
"August 11, 2017 at 08:45PM",Rain Shower/Wind,62 F,17 C,"https://www.wunderground.com/cgi-bin/findweather/getForecast?query=-31.772,-52.342&par=ifttt&cm_ven=ifttt",http://ifttt.com/images/weather/drizzle.png
"August 12, 2017 at 02:32AM",Light Rain/Wind,59 F,15 C,"https://www.wunderground.com/cgi-bin/findweather/getForecast?query=-31.772,-52.342&par=ifttt&cm_ven=ifttt",http://ifttt.com/images/weather/drizzle.png
"August 13, 2017 at 01:42AM",Rain,61 F,16 C,"https://www.wunderground.com/cgi-bin/findweather/getForecast?query=-31.772,-52.342&par=ifttt&cm_ven=ifttt",http://ifttt.com/images/weather/heavy-rain.png
"August 13, 2017 at 10:42AM",Light Rain,63 F,17 C,"https://www.wunderground.com/cgi-bin/findweather/getForecast?query=-31.772,-52.342&par=ifttt&cm_ven=ifttt",http://ifttt.com/images/weather/drizzle.png
"August 24, 2017 at 03:12AM",Rain,61 F,16 C,"https://www.wunderground.com/cgi-bin/findweather/getForecast?query=-31.772,-52.342&par=ifttt&cm_ven=ifttt",http://ifttt.com/images/weather/heavy-rain.png
"August 27, 2017 at 07:20AM",Rain,63 F,17 C,"https://www.wunderground.com/cgi-bin/findweather/getForecast?query=-31.772,-52.342&par=ifttt&cm_ven=ifttt",http://ifttt.com/images/weather/heavy-rain.png
"August 30, 2017 at 01:22AM",Rain,71 F,22 C,"https://www.wunderground.com/cgi-bin/findweather/getForecast?query=-31.772,-52.342&par=ifttt&cm_ven=ifttt",http://ifttt.com/images/weather/heavy-rain.png
"August 30, 2017 at 03:37AM",Light Rain,62 F,17 C,"https://www.wunderground.com/cgi-bin/findweather/getForecast?query=-31.772,-52.342&par=ifttt&cm_ven=ifttt",http://ifttt.com/images/weather/drizzle.png
"September 05, 2017 at 12:22AM",Rain Shower,61 F,16 C,"https://www.wunderground.com/cgi-bin/findweather/getForecast?query=-31.772,-52.342&par=ifttt&cm_ven=ifttt",http://ifttt.com/images/weather/drizzle.png
"September 05, 2017 at 01:52AM",Light Rain,59 F,15 C,"https://www.wunderground.com/cgi-bin/findweather/getForecast?query=-31.772,-52.342&par=ifttt&cm_ven=ifttt",http://ifttt.com/images/weather/drizzle.png
"September 05, 2017 at 04:07AM",Rain,59 F,15 C,"https://www.wunderground.com/cgi-bin/findweather/getForecast?query=-31.772,-52.342&par=ifttt&cm_ven=ifttt",http://ifttt.com/images/weather/heavy-rain.png
"September 06, 2017 at 09:32PM",Rain,62 F,17 C,"https://www.wunderground.com/cgi-bin/findweather/getForecast?query=-31.772,-52.342&par=ifttt&cm_ven=ifttt",http://ifttt.com/images/weather/heavy-rain.png
"September 07, 2017 at 10:06AM",Light Drizzle,70 F,21 C,"https://www.wunderground.com/cgi-bin/findweather/getForecast?query=-31.772,-52.342&par=ifttt&cm_ven=ifttt",http://ifttt.com/images/weather/drizzle.png
"September 12, 2017 at 06:29PM",Thunder,61 F,16 C,"https://www.wunderground.com/cgi-bin/findweather/getForecast?query=-31.772,-52.342&par=ifttt&cm_ven=ifttt",http://ifttt.com/images/weather/heavy-rain.png
"September 12, 2017 at 11:39PM",Rain,57 F,14 C,"https://www.wunderground.com/cgi-bin/findweather/getForecast?query=-31.772,-52.342&par=ifttt&cm_ven=ifttt",http://ifttt.com/images/weather/heavy-rain.png
"September 13, 2017 at 04:58PM",Light Rain,69 F,21 C,"https://www.wunderground.com/cgi-bin/findweather/getForecast?query=-31.772,-52.342&par=ifttt&cm_ven=ifttt",http://ifttt.com/images/weather/drizzle.png
"September 14, 2017 at 12:13AM",Rain,63 F,17 C,"https://www.wunderground.com/cgi-bin/findweather/getForecast?query=-31.772,-52.342&par=ifttt&cm_ven=ifttt",http://ifttt.com/images/weather/heavy-rain.png
"September 14, 2017 at 08:58AM",Light Rain,64 F,18 C,"https://www.wunderground.com/cgi-bin/findweather/getForecast?query=-31.772,-52.342&par=ifttt&cm_ven=ifttt",http://ifttt.com/images/weather/drizzle.png
"September 16, 2017 at 04:13AM",Light Rain,59 F,15 C,"https://www.wunderground.com/cgi-bin/findweather/getForecast?query=-31.772,-52.342&par=ifttt&cm_ven=ifttt",http://ifttt.com/images/weather/drizzle.png
"September 17, 2017 at 06:19AM",Rain,58 F,14 C,"https://www.wunderground.com/cgi-bin/findweather/getForecast?query=-31.772,-52.342&par=ifttt&cm_ven=ifttt",http://ifttt.com/images/weather/heavy-rain.png
"September 19, 2017 at 06:19AM",Rain Shower,59 F,15 C,"https://www.wunderground.com/cgi-bin/findweather/getForecast?query=-31.772,-52.342&par=ifttt&cm_ven=ifttt",http://ifttt.com/images/weather/drizzle.png
"September 22, 2017 at 08:38AM",Light Rain,66 F,19 C,"https://www.wunderground.com/cgi-bin/findweather/getForecast?query=-31.772,-52.342&par=ifttt&cm_ven=ifttt",http://ifttt.com/images/weather/drizzle.png
"September 22, 2017 at 04:38PM",Light Rain,67 F,19 C,"https://www.wunderground.com/cgi-bin/findweather/getForecast?query=-31.772,-52.342&par=ifttt&cm_ven=ifttt",http://ifttt.com/images/weather/drizzle.png
"September 23, 2017 at 01:13AM",Rain,59 F,15 C,"https://www.wunderground.com/cgi-bin/findweather/getForecast?query=-31.772,-52.342&par=ifttt&cm_ven=ifttt",http://ifttt.com/images/weather/heavy-rain.png
"September 27, 2017 at 07:26AM",Light Rain with Thunder,66 F,19 C,"https://www.wunderground.com/cgi-bin/findweather/getForecast?query=-31.772,-52.342&par=ifttt&cm_ven=ifttt",http://ifttt.com/images/weather/lightning.png
"September 27, 2017 at 02:36PM",Light Rain,69 F,21 C,"https://www.wunderground.com/cgi-bin/findweather/getForecast?query=-31.772,-52.342&par=ifttt&cm_ven=ifttt",http://ifttt.com/images/weather/drizzle.png
"September 27, 2017 at 05:51PM",Light Rain,64 F,18 C,"https://www.wunderground.com/cgi-bin/findweather/getForecast?query=-31.772,-52.342&par=ifttt&cm_ven=ifttt",http://ifttt.com/images/weather/drizzle.png
"September 27, 2017 at 09:24PM",Light Rain,61 F,16 C,"https://www.wunderground.com/cgi-bin/findweather/getForecast?query=-31.772,-52.342&par=ifttt&cm_ven=ifttt",http://ifttt.com/images/weather/drizzle.png
"September 28, 2017 at 01:46AM",Rain Shower,60 F,16 C,"https://www.wunderground.com/cgi-bin/findweather/getForecast?query=-31.772,-52.342&par=ifttt&cm_ven=ifttt",http://ifttt.com/images/weather/drizzle.png
"September 29, 2017 at 04:50PM",Light Rain/Wind,67 F,19 C,"https://www.wunderground.com/cgi-bin/findweather/getForecast?query=-31.772,-52.342&par=ifttt&cm_ven=ifttt",http://ifttt.com/images/weather/drizzle.png
"October 01, 2017 at 05:32PM",Thunder,71 F,22 C,"https://www.wunderground.com/cgi-bin/findweather/getForecast?query=-31.772,-52.342&par=ifttt&cm_ven=ifttt",http://ifttt.com/images/weather/heavy-rain.png
"October 01, 2017 at 11:27PM",Heavy Rain,65 F,18 C,"https://www.wunderground.com/cgi-bin/findweather/getForecast?query=-31.772,-52.342&par=ifttt&cm_ven=ifttt",http://ifttt.com/images/weather/drizzle.png
"October 10, 2017 at 09:53PM",Rain Shower,63 F,17 C,"https://www.wunderground.com/cgi-bin/findweather/getForecast?query=-31.772,-52.342&par=ifttt&cm_ven=ifttt",http://ifttt.com/images/weather/drizzle.png
"October 11, 2017 at 11:53AM",Light Rain,64 F,18 C,"https://www.wunderground.com/cgi-bin/findweather/getForecast?query=-31.772,-52.342&par=ifttt&cm_ven=ifttt",http://ifttt.com/images/weather/drizzle.png
"October 11, 2017 at 03:53PM",Light Rain,64 F,18 C,"https://www.wunderground.com/cgi-bin/findweather/getForecast?query=-31.772,-52.342&par=ifttt&cm_ven=ifttt",http://ifttt.com/images/weather/drizzle.png
"October 11, 2017 at 09:53PM",Light Rain,62 F,17 C,"https://www.wunderground.com/cgi-bin/findweather/getForecast?query=-31.772,-52.342&par=ifttt&cm_ven=ifttt",http://ifttt.com/images/weather/drizzle.png
"October 12, 2017 at 11:53PM",Rain,63 F,17 C,"https://www.wunderground.com/cgi-bin/findweather/getForecast?query=-31.772,-52.342&par=ifttt&cm_ven=ifttt",http://ifttt.com/images/weather/heavy-rain.png
"October 13, 2017 at 05:53AM",Light Rain,63 F,17 C,"https://www.wunderground.com/cgi-bin/findweather/getForecast?query=-31.772,-52.342&par=ifttt&cm_ven=ifttt",http://ifttt.com/images/weather/drizzle.png
"October 13, 2017 at 10:43AM",Light Rain,67 F,19 C,"https://www.wunderground.com/cgi-bin/findweather/getForecast?query=-31.772,-52.342&par=ifttt&cm_ven=ifttt",http://ifttt.com/images/weather/drizzle.png
"October 14, 2017 at 04:18AM",Light Rain,57 F,14 C,"https://www.wunderground.com/cgi-bin/findweather/getForecast?query=-31.772,-52.342&par=ifttt&cm_ven=ifttt",http://ifttt.com/images/weather/drizzle.png
"October 18, 2017 at 04:35PM",Light Rain with Thunder,75 F,24 C,"https://www.wunderground.com/cgi-bin/findweather/getForecast?query=-31.772,-52.342&par=ifttt&cm_ven=ifttt",http://ifttt.com/images/weather/lightning.png
"October 18, 2017 at 10:13PM",Rain,72 F,22 C,"https://www.wunderground.com/cgi-bin/findweather/getForecast?query=-31.772,-52.342&par=ifttt&cm_ven=ifttt",http://ifttt.com/images/weather/heavy-rain.png
"October 19, 2017 at 03:23AM",Light Rain with Thunder,69 F,21 C,"https://www.wunderground.com/cgi-bin/findweather/getForecast?query=-31.772,-52.342&par=ifttt&cm_ven=ifttt",http://ifttt.com/images/weather/lightning.png
"October 21, 2017 at 07:57AM",Light Rain with Thunder,66 F,19 C,"https://www.wunderground.com/cgi-bin/findweather/getForecast?query=-31.772,-52.342&par=ifttt&cm_ven=ifttt",http://ifttt.com/images/weather/lightning.png
"October 21, 2017 at 05:57PM",Light Rain,72 F,22 C,"https://www.wunderground.com/cgi-bin/findweather/getForecast?query=-31.772,-52.342&par=ifttt&cm_ven=ifttt",http://ifttt.com/images/weather/drizzle.png
"October 21, 2017 at 08:57PM",Light Rain,66 F,19 C,"https://www.wunderground.com/cgi-bin/findweather/getForecast?query=-31.772,-52.342&par=ifttt&cm_ven=ifttt",http://ifttt.com/images/weather/drizzle.png
"October 26, 2017 at 10:41PM",Rain Shower,69 F,21 C,"https://www.wunderground.com/cgi-bin/findweather/getForecast?query=-31.772,-52.342&par=ifttt&cm_ven=ifttt",http://ifttt.com/images/weather/drizzle.png
"October 27, 2017 at 04:36PM",Rain,76 F,24 C,"https://www.wunderground.com/cgi-bin/findweather/getForecast?query=-31.772,-52.342&par=ifttt&cm_ven=ifttt",http://ifttt.com/images/weather/heavy-rain.png
"October 27, 2017 at 06:06PM",Thunderstorm,71 F,22 C,"https://www.wunderground.com/cgi-bin/findweather/getForecast?query=-31.772,-52.342&par=ifttt&cm_ven=ifttt",http://ifttt.com/images/weather/lightning.png
"October 28, 2017 at 04:46AM",Rain Shower,64 F,18 C,"https://www.wunderground.com/cgi-bin/findweather/getForecast?query=-31.772,-52.342&par=ifttt&cm_ven=ifttt",http://ifttt.com/images/weather/drizzle.png
"October 29, 2017 at 10:12PM",Rain Shower,68 F,20 C,"https://www.wunderground.com/cgi-bin/findweather/getForecast?query=-31.772,-52.342&par=ifttt&cm_ven=ifttt",http://ifttt.com/images/weather/drizzle.png
"October 30, 2017 at 03:07AM",Rain Shower,67 F,19 C,"https://www.wunderground.com/cgi-bin/findweather/getForecast?query=-31.772,-52.342&par=ifttt&cm_ven=ifttt",http://ifttt.com/images/weather/drizzle.png
"November 04, 2017 at 05:20AM",Rain,64 F,18 C,"https://www.wunderground.com/cgi-bin/findweather/getForecast?query=-31.772,-52.342&par=ifttt&cm_ven=ifttt",http://ifttt.com/images/weather/heavy-rain.png
"November 04, 2017 at 11:40AM",Light Rain,68 F,20 C,"https://www.wunderground.com/cgi-bin/findweather/getForecast?query=-31.772,-52.342&par=ifttt&cm_ven=ifttt",http://ifttt.com/images/weather/drizzle.png
"November 08, 2017 at 09:20AM",Light Rain,68 F,20 C,"https://www.wunderground.com/cgi-bin/findweather/getForecast?query=-31.772,-52.342&par=ifttt&cm_ven=ifttt",http://ifttt.com/images/weather/drizzle.png
"November 16, 2017 at 07:24AM",Thunder,69 F,21 C,"https://www.wunderground.com/cgi-bin/findweather/getForecast?query=-31.772,-52.342&par=ifttt&cm_ven=ifttt",http://ifttt.com/images/weather/heavy-rain.png
"November 16, 2017 at 01:29PM",Light Rain with Thunder,65 F,18 C,"https://www.wunderground.com/cgi-bin/findweather/getForecast?query=-31.772,-52.342&par=ifttt&cm_ven=ifttt",http://ifttt.com/images/weather/lightning.png
"November 18, 2017 at 12:34AM",Rain Shower,66 F,19 C,"https://www.wunderground.com/cgi-bin/findweather/getForecast?query=-31.772,-52.342&par=ifttt&cm_ven=ifttt",http://ifttt.com/images/weather/drizzle.png
"November 21, 2017 at 05:23PM",Light Rain,63 F,17 C,"https://www.wunderground.com/cgi-bin/findweather/getForecast?query=-31.772,-52.342&par=ifttt&cm_ven=ifttt",http://ifttt.com/images/weather/drizzle.png
"November 25, 2017 at 06:36PM",Light Rain,64 F,18 C,"https://www.wunderground.com/cgi-bin/findweather/getForecast?query=-31.772,-52.342&par=ifttt&cm_ven=ifttt",http://ifttt.com/images/weather/drizzle.png
"November 28, 2017 at 02:26AM",Rain Shower,66 F,19 C,"https://www.wunderground.com/cgi-bin/findweather/getForecast?query=-31.772,-52.342&par=ifttt&cm_ven=ifttt",http://ifttt.com/images/weather/drizzle.png
"December 01, 2017 at 12:37AM",Rain Shower,67 F,19 C,"https://www.wunderground.com/cgi-bin/findweather/getForecast?query=-31.772,-52.342&par=ifttt&cm_ven=ifttt",http://ifttt.com/images/weather/drizzle.png
"December 01, 2017 at 03:42AM",Rain Shower,66 F,19 C,"https://www.wunderground.com/cgi-bin/findweather/getForecast?query=-31.772,-52.342&par=ifttt&cm_ven=ifttt",http://ifttt.com/images/weather/drizzle.png
"December 02, 2017 at 03:42AM",Light Rain,67 F,19 C,"https://www.wunderground.com/cgi-bin/findweather/getForecast?query=-31.772,-52.342&par=ifttt&cm_ven=ifttt",http://ifttt.com/images/weather/drizzle.png
"December 03, 2017 at 03:42AM",Rain,70 F,21 C,"https://www.wunderground.com/cgi-bin/findweather/getForecast?query=-31.772,-52.342&par=ifttt&cm_ven=ifttt",http://ifttt.com/images/weather/heavy-rain.png
"December 03, 2017 at 09:02AM",Light Rain,71 F,22 C,"https://www.wunderground.com/cgi-bin/findweather/getForecast?query=-31.772,-52.342&par=ifttt&cm_ven=ifttt",http://ifttt.com/images/weather/drizzle.png
"December 03, 2017 at 10:12PM",Rain Shower,69 F,21 C,"https://www.wunderground.com/cgi-bin/findweather/getForecast?query=-31.772,-52.342&par=ifttt&cm_ven=ifttt",http://ifttt.com/images/weather/drizzle.png
"December 04, 2017 at 01:27AM",Rain Shower,69 F,21 C,"https://www.wunderground.com/cgi-bin/findweather/getForecast?query=-31.772,-52.342&par=ifttt&cm_ven=ifttt",http://ifttt.com/images/weather/drizzle.png
"December 04, 2017 at 06:12AM",Light Rain,68 F,20 C,"https://www.wunderground.com/cgi-bin/findweather/getForecast?query=-31.772,-52.342&par=ifttt&cm_ven=ifttt",http://ifttt.com/images/weather/drizzle.png
"December 04, 2017 at 04:12PM",Light Rain,70 F,21 C,"https://www.wunderground.com/cgi-bin/findweather/getForecast?query=-31.772,-52.342&par=ifttt&cm_ven=ifttt",http://ifttt.com/images/weather/drizzle.png
"December 05, 2017 at 10:52PM",Rain Shower,68 F,20 C,"https://www.wunderground.com/cgi-bin/findweather/getForecast?query=-31.772,-52.342&par=ifttt&cm_ven=ifttt",http://ifttt.com/images/weather/drizzle.png
"December 06, 2017 at 04:52AM",Light Rain,67 F,19 C,"https://www.wunderground.com/cgi-bin/findweather/getForecast?query=-31.772,-52.342&par=ifttt&cm_ven=ifttt",http://ifttt.com/images/weather/drizzle.png
"December 06, 2017 at 10:43AM",Light Rain,74 F,23 C,"https://www.wunderground.com/cgi-bin/findweather/getForecast?query=-31.772,-52.342&par=ifttt&cm_ven=ifttt",http://ifttt.com/images/weather/drizzle.png
"December 07, 2017 at 04:53AM",Light Rain,68 F,20 C,"https://www.wunderground.com/cgi-bin/findweather/getForecast?query=-31.772,-52.342&par=ifttt&cm_ven=ifttt",http://ifttt.com/images/weather/drizzle.png
"December 09, 2017 at 09:44PM",Light Rain,75 F,24 C,"https://www.wunderground.com/cgi-bin/findweather/getForecast?query=-31.772,-52.342&par=ifttt&cm_ven=ifttt",http://ifttt.com/images/weather/drizzle.png
"December 19, 2017 at 11:02AM",Light Drizzle,68 F,20 C,"https://www.wunderground.com/cgi-bin/findweather/getForecast?query=-31.772,-52.342&par=ifttt&cm_ven=ifttt",http://ifttt.com/images/weather/drizzle.png
"December 19, 2017 at 03:02PM",Light Rain,70 F,21 C,"https://www.wunderground.com/cgi-bin/findweather/getForecast?query=-31.772,-52.342&par=ifttt&cm_ven=ifttt",http://ifttt.com/images/weather/drizzle.png
"December 19, 2017 at 07:02PM",Light Rain,71 F,22 C,"https://www.wunderground.com/cgi-bin/findweather/getForecast?query=-31.772,-52.342&par=ifttt&cm_ven=ifttt",http://ifttt.com/images/weather/drizzle.png
"December 20, 2017 at 03:02AM",Light Rain,70 F,21 C,"https://www.wunderground.com/cgi-bin/findweather/getForecast?query=-31.772,-52.342&par=ifttt&cm_ven=ifttt",http://ifttt.com/images/weather/drizzle.png
"December 20, 2017 at 09:02PM",Rain Shower,75 F,24 C,"https://www.wunderground.com/cgi-bin/findweather/getForecast?query=-31.772,-52.342&par=ifttt&cm_ven=ifttt",http://ifttt.com/images/weather/drizzle.png
"December 21, 2017 at 03:02AM",Light Rain,72 F,22 C,"https://www.wunderground.com/cgi-bin/findweather/getForecast?query=-31.772,-52.342&par=ifttt&cm_ven=ifttt",http://ifttt.com/images/weather/drizzle.png
"December 21, 2017 at 09:02AM",Light Drizzle,74 F,23 C,"https://www.wunderground.com/cgi-bin/findweather/getForecast?query=-31.772,-52.342&par=ifttt&cm_ven=ifttt",http://ifttt.com/images/weather/drizzle.png
"December 23, 2017 at 09:10AM",Light Rain with Thunder,78 F,26 C,"https://www.wunderground.com/cgi-bin/findweather/getForecast?query=-31.772,-52.342&par=ifttt&cm_ven=ifttt",http://ifttt.com/images/weather/lightning.png
"December 23, 2017 at 07:15PM",Light Rain,74 F,23 C,"https://www.wunderground.com/cgi-bin/findweather/getForecast?query=-31.772,-52.342&par=ifttt&cm_ven=ifttt",http://ifttt.com/images/weather/drizzle.png
"December 23, 2017 at 09:30PM",Rain Shower,73 F,23 C,"https://www.wunderground.com/cgi-bin/findweather/getForecast?query=-31.772,-52.342&par=ifttt&cm_ven=ifttt",http://ifttt.com/images/weather/drizzle.png
"December 24, 2017 at 02:45AM",Rain Shower,70 F,21 C,"https://www.wunderground.com/cgi-bin/findweather/getForecast?query=-31.772,-52.342&par=ifttt&cm_ven=ifttt",http://ifttt.com/images/weather/drizzle.png
"December 28, 2017 at 05:51AM",Rain Shower,71 F,22 C,"https://www.wunderground.com/cgi-bin/findweather/getForecast?query=-31.772,-52.342&par=ifttt&cm_ven=ifttt",http://ifttt.com/images/weather/drizzle.png
"January 01, 2018 at 05:35AM",Rain,72 F,22 C,"https://www.wunderground.com/cgi-bin/findweather/getForecast?query=-31.772,-52.342&par=ifttt&cm_ven=ifttt",http://ifttt.com/images/weather/heavy-rain.png
"January 01, 2018 at 08:50AM",Light Rain,74 F,23 C,"https://www.wunderground.com/cgi-bin/findweather/getForecast?query=-31.772,-52.342&par=ifttt&cm_ven=ifttt",http://ifttt.com/images/weather/drizzle.png
"January 02, 2018 at 12:10AM",Light Rain,72 F,22 C,"https://www.wunderground.com/cgi-bin/findweather/getForecast?query=-31.772,-52.342&par=ifttt&cm_ven=ifttt",http://ifttt.com/images/weather/drizzle.png
"January 02, 2018 at 01:40AM",Rain Shower,71 F,22 C,"https://www.wunderground.com/cgi-bin/findweather/getForecast?query=-31.772,-52.342&par=ifttt&cm_ven=ifttt",http://ifttt.com/images/weather/drizzle.png
"January 02, 2018 at 08:05AM",Rain,70 F,21 C,"https://www.wunderground.com/cgi-bin/findweather/getForecast?query=-31.772,-52.342&par=ifttt&cm_ven=ifttt",http://ifttt.com/images/weather/heavy-rain.png
"January 06, 2018 at 09:11AM",Light Rain,68 F,20 C,"https://www.wunderground.com/cgi-bin/findweather/getForecast?query=-31.772,-52.342&par=ifttt&cm_ven=ifttt",http://ifttt.com/images/weather/drizzle.png
"January 06, 2018 at 02:56PM",Light Rain,78 F,26 C,"https://www.wunderground.com/cgi-bin/findweather/getForecast?query=-31.772,-52.342&par=ifttt&cm_ven=ifttt",http://ifttt.com/images/weather/drizzle.png
"January 09, 2018 at 10:23PM",Light Rain,75 F,24 C,"https://www.wunderground.com/cgi-bin/findweather/getForecast?query=-31.772,-52.342&par=ifttt&cm_ven=ifttt",http://ifttt.com/images/weather/drizzle.png
"January 10, 2018 at 01:48PM",Light Rain,79 F,26 C,"https://www.wunderground.com/cgi-bin/findweather/getForecast?query=-31.772,-52.342&par=ifttt&cm_ven=ifttt",http://ifttt.com/images/weather/drizzle.png
"January 11, 2018 at 08:18AM",Light Rain,75 F,24 C,"https://www.wunderground.com/cgi-bin/findweather/getForecast?query=-31.772,-52.342&par=ifttt&cm_ven=ifttt",http://ifttt.com/images/weather/drizzle.png
"January 12, 2018 at 05:09AM",Rain Shower,73 F,23 C,"https://www.wunderground.com/cgi-bin/findweather/getForecast?query=-31.772,-52.342&par=ifttt&cm_ven=ifttt",http://ifttt.com/images/weather/drizzle.png
"January 14, 2018 at 10:59AM",Light Rain,80 F,27 C,"https://www.wunderground.com/cgi-bin/findweather/getForecast?query=-31.772,-52.342&par=ifttt&cm_ven=ifttt",http://ifttt.com/images/weather/drizzle.png
"January 14, 2018 at 08:23PM",Rain,78 F,26 C,"https://www.wunderground.com/cgi-bin/findweather/getForecast?query=-31.772,-52.342&par=ifttt&cm_ven=ifttt",http://ifttt.com/images/weather/heavy-rain.png
"January 16, 2018 at 06:23AM",Rain Shower,70 F,21 C,"https://www.wunderground.com/cgi-bin/findweather/getForecast?query=-31.772,-52.342&par=ifttt&cm_ven=ifttt",http://ifttt.com/images/weather/drizzle.png
"January 17, 2018 at 04:33PM",Light Rain,79 F,26 C,"https://www.wunderground.com/cgi-bin/findweather/getForecast?query=-31.772,-52.342&par=ifttt&cm_ven=ifttt",http://ifttt.com/images/weather/drizzle.png
"January 17, 2018 at 09:21PM",Rain Shower,77 F,25 C,"https://www.wunderground.com/cgi-bin/findweather/getForecast?query=-31.772,-52.342&par=ifttt&cm_ven=ifttt",http://ifttt.com/images/weather/drizzle.png
"January 18, 2018 at 05:02AM",Rain Shower,73 F,23 C,"https://www.wunderground.com/cgi-bin/findweather/getForecast?query=-31.772,-52.342&par=ifttt&cm_ven=ifttt",http://ifttt.com/images/weather/drizzle.png
"January 18, 2018 at 07:21AM",Rain,72 F,22 C,"https://www.wunderground.com/cgi-bin/findweather/getForecast?query=-31.772,-52.342&par=ifttt&cm_ven=ifttt",http://ifttt.com/images/weather/heavy-rain.png
"January 18, 2018 at 10:26AM",Light Rain,75 F,24 C,"https://www.wunderground.com/cgi-bin/findweather/getForecast?query=-31.772,-52.342&par=ifttt&cm_ven=ifttt",http://ifttt.com/images/weather/drizzle.png
"January 21, 2018 at 07:52AM",Light Rain,74 F,23 C,"https://www.wunderground.com/cgi-bin/findweather/getForecast?query=-31.772,-52.342&par=ifttt&cm_ven=ifttt",http://ifttt.com/images/weather/drizzle.png
"January 21, 2018 at 02:22PM",Light Rain,76 F,24 C,"https://www.wunderground.com/cgi-bin/findweather/getForecast?query=-31.772,-52.342&par=ifttt&cm_ven=ifttt",http://ifttt.com/images/weather/drizzle.png
"January 22, 2018 at 06:22PM",Thunder,81 F,27 C,"https://www.wunderground.com/cgi-bin/findweather/getForecast?query=-31.772,-52.342&par=ifttt&cm_ven=ifttt",http://ifttt.com/images/weather/heavy-rain.png
"January 23, 2018 at 06:15PM",Light Rain with Thunder,77 F,25 C,"https://www.wunderground.com/cgi-bin/findweather/getForecast?query=-31.772,-52.342&par=ifttt&cm_ven=ifttt",http://ifttt.com/images/weather/lightning.png
"January 23, 2018 at 11:10PM",Thunder,76 F,24 C,"https://www.wunderground.com/cgi-bin/findweather/getForecast?query=-31.772,-52.342&par=ifttt&cm_ven=ifttt",http://ifttt.com/images/weather/lightning.png
"January 31, 2018 at 07:08AM",Light Rain,70 F,21 C,"https://www.wunderground.com/cgi-bin/findweather/getForecast?query=-31.772,-52.342&par=ifttt&cm_ven=ifttt",http://ifttt.com/images/weather/drizzle.png
"January 31, 2018 at 11:08AM",Light Rain,76 F,24 C,"https://www.wunderground.com/cgi-bin/findweather/getForecast?query=-31.772,-52.342&par=ifttt&cm_ven=ifttt",http://ifttt.com/images/weather/drizzle.png
"January 31, 2018 at 03:08PM",Light Rain,78 F,26 C,"https://www.wunderground.com/cgi-bin/findweather/getForecast?query=-31.772,-52.342&par=ifttt&cm_ven=ifttt",http://ifttt.com/images/weather/drizzle.png
"February 04, 2018 at 06:26AM",Light Rain,70 F,21 C,"https://www.wunderground.com/cgi-bin/findweather/getForecast?query=-31.772,-52.342&par=ifttt&cm_ven=ifttt",http://ifttt.com/images/weather/drizzle.png
"February 09, 2018 at 04:35PM",Thunder in the Vicinity,87 F,31 C,"https://www.wunderground.com/cgi-bin/findweather/getForecast?query=-31.772,-52.342&par=ifttt&cm_ven=ifttt",https://ifttt.com/images/weather/heavy-rain.png
"February 09, 2018 at 07:50PM",Thunderstorm/Wind,77 F,25 C,"https://www.wunderground.com/cgi-bin/findweather/getForecast?query=-31.772,-52.342&par=ifttt&cm_ven=ifttt",https://ifttt.com/images/weather/lightning.png
"February 11, 2018 at 07:33AM",Light Rain,70 F,21 C,"https://www.wunderground.com/cgi-bin/findweather/getForecast?query=-31.772,-52.342&par=ifttt&cm_ven=ifttt",https://ifttt.com/images/weather/drizzle.png
"February 11, 2018 at 03:08PM",Light Rain,73 F,23 C,"https://www.wunderground.com/cgi-bin/findweather/getForecast?query=-31.772,-52.342&par=ifttt&cm_ven=ifttt",https://ifttt.com/images/weather/drizzle.png
"February 11, 2018 at 05:28PM",Light Rain,74 F,23 C,"https://www.wunderground.com/cgi-bin/findweather/getForecast?query=-31.772,-52.342&par=ifttt&cm_ven=ifttt",https://ifttt.com/images/weather/drizzle.png
"February 11, 2018 at 06:58PM",Light Rain,72 F,22 C,"https://www.wunderground.com/cgi-bin/findweather/getForecast?query=-31.772,-52.342&par=ifttt&cm_ven=ifttt",https://ifttt.com/images/weather/drizzle.png
"February 20, 2018 at 01:47PM",Light Rain,79 F,26 C,"https://www.wunderground.com/cgi-bin/findweather/getForecast?query=-31.772,-52.342&par=ifttt&cm_ven=ifttt",https://ifttt.com/images/weather/drizzle.png
"February 22, 2018 at 05:47PM",Light Rain Shower,75 F,24 C,"https://www.wunderground.com/cgi-bin/findweather/getForecast?query=-31.772,-52.342&par=ifttt&cm_ven=ifttt",https://ifttt.com/images/weather/drizzle.png
"February 25, 2018 at 06:03AM",Light Rain,66 F,19 C,"https://www.wunderground.com/cgi-bin/findweather/getForecast?query=-31.772,-52.342&par=ifttt&cm_ven=ifttt",https://ifttt.com/images/weather/drizzle.png
"February 27, 2018 at 03:11PM",Thunder,74 F,23 C,"https://www.wunderground.com/cgi-bin/findweather/getForecast?query=-31.772,-52.342&par=ifttt&cm_ven=ifttt",https://ifttt.com/images/weather/heavy-rain.png
"March 01, 2018 at 12:02PM",Light Rain,78 F,26 C,"https://www.wunderground.com/cgi-bin/findweather/getForecast?query=-31.772,-52.342&par=ifttt&cm_ven=ifttt",https://ifttt.com/images/weather/drizzle.png
"March 01, 2018 at 02:08PM",Rain,75 F,24 C,"https://www.wunderground.com/cgi-bin/findweather/getForecast?query=-31.772,-52.342&par=ifttt&cm_ven=ifttt",https://ifttt.com/images/weather/heavy-rain.png
"March 03, 2018 at 11:13PM",Rain Shower,72 F,22 C,"https://www.wunderground.com/cgi-bin/findweather/getForecast?query=-31.772,-52.342&par=ifttt&cm_ven=ifttt",https://ifttt.com/images/weather/drizzle.png
"March 04, 2018 at 03:23PM",Light Rain with Thunder,74 F,23 C,"https://www.wunderground.com/cgi-bin/findweather/getForecast?query=-31.772,-52.342&par=ifttt&cm_ven=ifttt",https://ifttt.com/images/weather/lightning.png
"March 04, 2018 at 09:13PM",Light Rain,73 F,23 C,"https://www.wunderground.com/cgi-bin/findweather/getForecast?query=-31.772,-52.342&par=ifttt&cm_ven=ifttt",https://ifttt.com/images/weather/drizzle.png
"March 07, 2018 at 01:33PM",Light Rain Shower,79 F,26 C,"https://www.wunderground.com/cgi-bin/findweather/getForecast?query=-31.772,-52.342&par=ifttt&cm_ven=ifttt",https://ifttt.com/images/weather/drizzle.png
"March 11, 2018 at 05:58PM",Light Rain,72 F,22 C,"https://www.wunderground.com/cgi-bin/findweather/getForecast?query=-31.772,-52.342&par=ifttt&cm_ven=ifttt",https://ifttt.com/images/weather/drizzle.png
"March 15, 2018 at 05:10AM",Rain,71 F,22 C,"https://www.wunderground.com/cgi-bin/findweather/getForecast?query=-31.772,-52.342&par=ifttt&cm_ven=ifttt",https://ifttt.com/images/weather/heavy-rain.png
"March 17, 2018 at 04:01PM",Thunder,74 F,23 C,"https://www.wunderground.com/cgi-bin/findweather/getForecast?query=-31.772,-52.342&par=ifttt&cm_ven=ifttt",https://ifttt.com/images/weather/heavy-rain.png
"March 17, 2018 at 05:21PM",Light Rain,73 F,23 C,"https://www.wunderground.com/cgi-bin/findweather/getForecast?query=-31.772,-52.342&par=ifttt&cm_ven=ifttt",https://ifttt.com/images/weather/drizzle.png
"March 18, 2018 at 04:56PM",Rain,77 F,25 C,"https://www.wunderground.com/cgi-bin/findweather/getForecast?query=-31.772,-52.342&par=ifttt&cm_ven=ifttt",https://ifttt.com/images/weather/heavy-rain.png
"March 18, 2018 at 06:28PM",Thunder,82 F,28 C,"https://www.wunderground.com/cgi-bin/findweather/getForecast?query=-31.772,-52.342&par=ifttt&cm_ven=ifttt",https://ifttt.com/images/weather/heavy-rain.png
"March 24, 2018 at 06:16AM",Rain,70 F,21 C,"https://www.wunderground.com/cgi-bin/findweather/getForecast?query=-31.772,-52.342&par=ifttt&cm_ven=ifttt",https://ifttt.com/images/weather/heavy-rain.png
"March 24, 2018 at 10:21PM",Rain,72 F,22 C,"https://www.wunderground.com/cgi-bin/findweather/getForecast?query=-31.772,-52.342&par=ifttt&cm_ven=ifttt",https://ifttt.com/images/weather/heavy-rain.png
"March 25, 2018 at 10:16AM",Light Rain,66 F,19 C,"https://www.wunderground.com/cgi-bin/findweather/getForecast?query=-31.772,-52.342&par=ifttt&cm_ven=ifttt",https://ifttt.com/images/weather/drizzle.png
"March 25, 2018 at 05:20PM",Light Rain Shower,68 F,20 C,"https://www.wunderground.com/cgi-bin/findweather/getForecast?query=-31.772,-52.342&par=ifttt&cm_ven=ifttt",https://ifttt.com/images/weather/drizzle.png
"March 25, 2018 at 08:20PM",Rain Shower,61 F,16 C,"https://www.wunderground.com/cgi-bin/findweather/getForecast?query=-31.772,-52.342&par=ifttt&cm_ven=ifttt",https://ifttt.com/images/weather/drizzle.png
"March 26, 2018 at 08:20PM",Rain Shower,65 F,18 C,"https://www.wunderground.com/cgi-bin/findweather/getForecast?query=-31.772,-52.342&par=ifttt&cm_ven=ifttt",https://ifttt.com/images/weather/drizzle.png
"March 27, 2018 at 01:25AM",Light Rain,66 F,19 C,"https://www.wunderground.com/cgi-bin/findweather/getForecast?query=-31.772,-52.342&par=ifttt&cm_ven=ifttt",https://ifttt.com/images/weather/drizzle.png
"March 28, 2018 at 05:11AM",Rain Shower,68 F,20 C,"https://www.wunderground.com/cgi-bin/findweather/getForecast?query=-31.772,-52.342&par=ifttt&cm_ven=ifttt",https://ifttt.com/images/weather/drizzle.png
"March 28, 2018 at 06:36AM",Light Rain,67 F,19 C,"https://www.wunderground.com/cgi-bin/findweather/getForecast?query=-31.772,-52.342&par=ifttt&cm_ven=ifttt",https://ifttt.com/images/weather/drizzle.png
"March 31, 2018 at 11:19AM",Light Drizzle,75 F,24 C,"https://www.wunderground.com/cgi-bin/findweather/getForecast?query=-31.772,-52.342&par=ifttt&cm_ven=ifttt",https://ifttt.com/images/weather/drizzle.png
"March 31, 2018 at 02:09PM",Light Rain,75 F,24 C,"https://www.wunderground.com/cgi-bin/findweather/getForecast?query=-31.772,-52.342&par=ifttt&cm_ven=ifttt",https://ifttt.com/images/weather/drizzle.png
"March 31, 2018 at 08:14PM",Rain,70 F,21 C,"https://www.wunderground.com/cgi-bin/findweather/getForecast?query=-31.772,-52.342&par=ifttt&cm_ven=ifttt",https://ifttt.com/images/weather/heavy-rain.png
"April 01, 2018 at 08:13AM",Light Rain,71 F,22 C,"https://www.wunderground.com/cgi-bin/findweather/getForecast?query=-31.772,-52.342&par=ifttt&cm_ven=ifttt",https://ifttt.com/images/weather/drizzle.png
"April 01, 2018 at 08:24PM",Light Rain,69 F,21 C,"https://www.wunderground.com/cgi-bin/findweather/getForecast?query=-31.772,-52.342&par=ifttt&cm_ven=ifttt",https://ifttt.com/images/weather/drizzle.png
"April 02, 2018 at 01:54AM",Light Rain,67 F,19 C,"https://www.wunderground.com/cgi-bin/findweather/getForecast?query=-31.772,-52.342&par=ifttt&cm_ven=ifttt",https://ifttt.com/images/weather/drizzle.png
"April 12, 2018 at 05:47PM",Light Rain,76 F,24 C,"https://www.wunderground.com/cgi-bin/findweather/getForecast?query=-31.772,-52.342&par=ifttt&cm_ven=ifttt",https://ifttt.com/images/weather/drizzle.png
"April 20, 2018 at 05:28PM",Thunder,76 F,24 C,"https://www.wunderground.com/cgi-bin/findweather/getForecast?query=-31.772,-52.342&par=ifttt&cm_ven=ifttt",https://ifttt.com/images/weather/heavy-rain.png
"April 21, 2018 at 07:29AM",Light Rain with Thunder,68 F,20 C,"https://www.wunderground.com/cgi-bin/findweather/getForecast?query=-31.772,-52.342&par=ifttt&cm_ven=ifttt",https://ifttt.com/images/weather/lightning.png
"April 22, 2018 at 01:30PM",Light Rain with Thunder,76 F,24 C,"https://www.wunderground.com/cgi-bin/findweather/getForecast?query=-31.772,-52.342&par=ifttt&cm_ven=ifttt",https://ifttt.com/images/weather/lightning.png
"May 01, 2018 at 07:36AM",Light Rain,64 F,18 C,"https://www.wunderground.com/cgi-bin/findweather/getForecast?query=-31.772,-52.342&par=ifttt&cm_ven=ifttt",https://ifttt.com/images/weather/drizzle.png
"May 02, 2018 at 01:11PM",Light Rain,70 F,21 C,"https://www.wunderground.com/cgi-bin/findweather/getForecast?query=-31.772,-52.342&par=ifttt&cm_ven=ifttt",https://ifttt.com/images/weather/drizzle.png
"May 03, 2018 at 05:41AM",Rain,69 F,21 C,"https://www.wunderground.com/cgi-bin/findweather/getForecast?query=-31.772,-52.342&par=ifttt&cm_ven=ifttt",https://ifttt.com/images/weather/heavy-rain.png
"May 10, 2018 at 11:08PM",Rain,71 F,22 C,"https://www.wunderground.com/cgi-bin/findweather/getForecast?query=-31.772,-52.342&par=ifttt&cm_ven=ifttt",https://ifttt.com/images/weather/heavy-rain.png
"May 11, 2018 at 06:18AM",Rain Shower,69 F,21 C,"https://www.wunderground.com/cgi-bin/findweather/getForecast?query=-31.772,-52.342&par=ifttt&cm_ven=ifttt",https://ifttt.com/images/weather/drizzle.png
"May 11, 2018 at 07:48AM",Light Rain,68 F,20 C,"https://www.wunderground.com/cgi-bin/findweather/getForecast?query=-31.772,-52.342&par=ifttt&cm_ven=ifttt",https://ifttt.com/images/weather/drizzle.png
"May 15, 2018 at 09:14PM",Rain Shower,65 F,18 C,"https://www.wunderground.com/cgi-bin/findweather/getForecast?query=-31.772,-52.342&par=ifttt&cm_ven=ifttt",https://ifttt.com/images/weather/drizzle.png
"May 17, 2018 at 09:16PM",Light Rain,58 F,14 C,"https://www.wunderground.com/cgi-bin/findweather/getForecast?query=-31.772,-52.342&par=ifttt&cm_ven=ifttt",https://ifttt.com/images/weather/drizzle.png
"May 18, 2018 at 01:06AM",Rain,57 F,14 C,"https://www.wunderground.com/cgi-bin/findweather/getForecast?query=-31.772,-52.342&par=ifttt&cm_ven=ifttt",https://ifttt.com/images/weather/heavy-rain.png
"May 18, 2018 at 04:26AM",Rain Shower,57 F,14 C,"https://www.wunderground.com/cgi-bin/findweather/getForecast?query=-31.772,-52.342&par=ifttt&cm_ven=ifttt",https://ifttt.com/images/weather/drizzle.png
"May 18, 2018 at 07:46AM",Light Rain,56 F,13 C,"https://www.wunderground.com/cgi-bin/findweather/getForecast?query=-31.772,-52.342&par=ifttt&cm_ven=ifttt",https://ifttt.com/images/weather/drizzle.png
"May 18, 2018 at 08:41PM",Rain Shower,59 F,15 C,"https://www.wunderground.com/cgi-bin/findweather/getForecast?query=-31.772,-52.342&par=ifttt&cm_ven=ifttt",https://ifttt.com/images/weather/drizzle.png
"May 19, 2018 at 12:41AM",Rain,58 F,14 C,"https://www.wunderground.com/cgi-bin/findweather/getForecast?query=-31.772,-52.342&par=ifttt&cm_ven=ifttt",https://ifttt.com/images/weather/heavy-rain.png
"May 19, 2018 at 04:26AM",Rain,56 F,13 C,"https://www.wunderground.com/cgi-bin/findweather/getForecast?query=-31.772,-52.342&par=ifttt&cm_ven=ifttt",https://ifttt.com/images/weather/heavy-rain.png
"May 20, 2018 at 03:46PM",Light Rain,63 F,17 C,"https://www.wunderground.com/cgi-bin/findweather/getForecast?query=-31.772,-52.342&par=ifttt&cm_ven=ifttt",https://ifttt.com/images/weather/drizzle.png
"May 30, 2018 at 11:33PM",Rain,62 F,17 C,"https://www.wunderground.com/cgi-bin/findweather/getForecast?query=-31.772,-52.342&par=ifttt&cm_ven=ifttt",https://ifttt.com/images/weather/heavy-rain.png
"May 31, 2018 at 09:33AM",Light Rain,63 F,17 C,"https://www.wunderground.com/cgi-bin/findweather/getForecast?query=-31.772,-52.342&par=ifttt&cm_ven=ifttt",https://ifttt.com/images/weather/drizzle.png
"May 31, 2018 at 09:33PM",Rain,61 F,16 C,"https://www.wunderground.com/cgi-bin/findweather/getForecast?query=-31.772,-52.342&par=ifttt&cm_ven=ifttt",https://ifttt.com/images/weather/heavy-rain.png
"June 01, 2018 at 03:33PM",Light Rain,62 F,17 C,"https://www.wunderground.com/cgi-bin/findweather/getForecast?query=-31.772,-52.342&par=ifttt&cm_ven=ifttt",https://ifttt.com/images/weather/drizzle.png
"June 01, 2018 at 07:33PM",Light Rain,58 F,14 C,"https://www.wunderground.com/cgi-bin/findweather/getForecast?query=-31.772,-52.342&par=ifttt&cm_ven=ifttt",https://ifttt.com/images/weather/drizzle.png
"June 04, 2018 at 11:05PM",Rain Shower,56 F,13 C,"https://www.wunderground.com/cgi-bin/findweather/getForecast?query=-31.772,-52.342&par=ifttt&cm_ven=ifttt",https://ifttt.com/images/weather/drizzle.png
"June 05, 2018 at 10:20AM",Light Drizzle,58 F,14 C,"https://www.wunderground.com/cgi-bin/findweather/getForecast?query=-31.772,-52.342&par=ifttt&cm_ven=ifttt",https://ifttt.com/images/weather/drizzle.png
"June 05, 2018 at 01:35PM",Light Drizzle,60 F,16 C,"https://www.wunderground.com/cgi-bin/findweather/getForecast?query=-31.772,-52.342&par=ifttt&cm_ven=ifttt",https://ifttt.com/images/weather/drizzle.png
"June 05, 2018 at 08:05PM",Light Rain,54 F,12 C,"https://www.wunderground.com/cgi-bin/findweather/getForecast?query=-31.772,-52.342&par=ifttt&cm_ven=ifttt",https://ifttt.com/images/weather/drizzle.png
"June 10, 2018 at 08:00AM",Light Rain,58 F,14 C,"https://www.wunderground.com/cgi-bin/findweather/getForecast?query=-31.772,-52.342&par=ifttt&cm_ven=ifttt",https://ifttt.com/images/weather/drizzle.png
"June 10, 2018 at 11:20AM",Light Rain with Thunder,62 F,17 C,"https://www.wunderground.com/cgi-bin/findweather/getForecast?query=-31.772,-52.342&par=ifttt&cm_ven=ifttt",https://ifttt.com/images/weather/lightning.png
"June 10, 2018 at 08:40PM",Rain,62 F,17 C,"https://www.wunderground.com/cgi-bin/findweather/getForecast?query=-31.772,-52.342&par=ifttt&cm_ven=ifttt",https://ifttt.com/images/weather/heavy-rain.png
"June 11, 2018 at 02:06AM",Light Rain,63 F,17 C,"https://www.wunderground.com/cgi-bin/findweather/getForecast?query=-31.772,-52.342&par=ifttt&cm_ven=ifttt",https://ifttt.com/images/weather/drizzle.png
"June 11, 2018 at 07:41AM",Light Rain with Thunder,64 F,18 C,"https://www.wunderground.com/cgi-bin/findweather/getForecast?query=-31.772,-52.342&par=ifttt&cm_ven=ifttt",https://ifttt.com/images/weather/lightning.png
"June 11, 2018 at 11:26AM",Light Rain,69 F,21 C,"https://www.wunderground.com/cgi-bin/findweather/getForecast?query=-31.772,-52.342&par=ifttt&cm_ven=ifttt",https://ifttt.com/images/weather/drizzle.png
"June 11, 2018 at 03:26PM",Light Rain with Thunder,71 F,22 C,"https://www.wunderground.com/cgi-bin/findweather/getForecast?query=-31.772,-52.342&par=ifttt&cm_ven=ifttt",https://ifttt.com/images/weather/lightning.png
"June 12, 2018 at 04:06AM",Rain Shower,59 F,15 C,"https://www.wunderground.com/cgi-bin/findweather/getForecast?query=-31.772,-52.342&par=ifttt&cm_ven=ifttt",https://ifttt.com/images/weather/drizzle.png
"June 23, 2018 at 05:49AM",Rain,53 F,12 C,"https://www.wunderground.com/cgi-bin/findweather/getForecast?query=-31.772,-52.342&par=ifttt&cm_ven=ifttt",https://ifttt.com/images/weather/heavy-rain.png
"June 28, 2018 at 05:11AM",Light Rain,49 F,9 C,"https://www.wunderground.com/cgi-bin/findweather/getForecast?query=-31.772,-52.342&par=ifttt&cm_ven=ifttt",https://ifttt.com/images/weather/drizzle.png
"June 28, 2018 at 05:56PM",Light Rain,57 F,14 C,"https://www.wunderground.com/cgi-bin/findweather/getForecast?query=-31.772,-52.342&par=ifttt&cm_ven=ifttt",https://ifttt.com/images/weather/drizzle.png
"June 29, 2018 at 07:15AM",Light Rain,57 F,14 C,"https://www.wunderground.com/cgi-bin/findweather/getForecast?query=-31.772,-52.342&par=ifttt&cm_ven=ifttt",https://ifttt.com/images/weather/drizzle.png
"July 01, 2018 at 11:16PM",Rain,59 F,15 C,"https://www.wunderground.com/cgi-bin/findweather/getForecast?query=-31.772,-52.342&par=ifttt&cm_ven=ifttt",https://ifttt.com/images/weather/heavy-rain.png
"July 02, 2018 at 03:16AM",Light Rain,61 F,16 C,"https://www.wunderground.com/cgi-bin/findweather/getForecast?query=-31.772,-52.342&par=ifttt&cm_ven=ifttt",https://ifttt.com/images/weather/drizzle.png
"July 02, 2018 at 05:36AM",Light Rain,60 F,16 C,"https://www.wunderground.com/cgi-bin/findweather/getForecast?query=-31.772,-52.342&par=ifttt&cm_ven=ifttt",https://ifttt.com/images/weather/drizzle.png
"July 02, 2018 at 03:56PM",Light Drizzle,65 F,18 C,"https://www.wunderground.com/cgi-bin/findweather/getForecast?query=-31.772,-52.342&par=ifttt&cm_ven=ifttt",https://ifttt.com/images/weather/drizzle.png
"July 02, 2018 at 09:56PM",Rain Shower,52 F,11 C,"https://www.wunderground.com/cgi-bin/findweather/getForecast?query=-31.772,-52.342&par=ifttt&cm_ven=ifttt",https://ifttt.com/images/weather/drizzle.png
"July 04, 2018 at 05:51PM",Light Rain,49 F,9 C,"https://www.wunderground.com/cgi-bin/findweather/getForecast?query=-31.772,-52.342&par=ifttt&cm_ven=ifttt",https://ifttt.com/images/weather/drizzle.png
"July 05, 2018 at 08:32PM",Rain Shower,53 F,12 C,"https://www.wunderground.com/cgi-bin/findweather/getForecast?query=-31.772,-52.342&par=ifttt&cm_ven=ifttt",https://ifttt.com/images/weather/drizzle.png
"July 05, 2018 at 10:02PM",Rain Shower,53 F,12 C,"https://www.wunderground.com/cgi-bin/findweather/getForecast?query=-31.772,-52.342&par=ifttt&cm_ven=ifttt",https://ifttt.com/images/weather/drizzle.png